Bronze V 1000	A+B STANDARD	
Bronze V 1001	A-B STANDARD	
Bronze IV 1008	A/B ESSENTIAL STANDARD	
Bronze II 1152	단어의 개수	
Bronze I 1157	단어 공부	
Bronze IV 1330	두 수 비교하기 ESSENTIAL	
Bronze I 1546	평균	
Bronze III 2438	별 찍기 - 1 ESSENTIAL	
Bronze III 2439	별 찍기 - 2	
Bronze V 2475	검증수 STANDARD	
Bronze V 2557	Hello World ESSENTIAL STANDARD	
Bronze II 2562	최댓값 ESSENTIAL	
Bronze II 2577	숫자의 개수	
Bronze II 2675	문자열 반복 ESSENTIAL	
Bronze III 2739	구구단 ESSENTIAL	
Bronze III 2741	N 찍기	
Bronze III 2742	기찍 N	
Bronze IV 2753	윤년	
Bronze III 2884	알람 시계	
Bronze II 2908	상수	
Bronze II 2920	음계 ESSENTIAL	
Bronze II 3052	나머지	
Bronze II 8958	OX퀴즈 ESSENTIAL	
Bronze IV 9498	시험 성적	
Bronze V 10171	고양이 STANDARD	
Bronze V 10172	개 STANDARD	
Bronze II 10809	알파벳 찾기	
Bronze III 10818	최소, 최대 ESSENTIAL	
Bronze V 10869	사칙연산 ESSENTIAL STANDARD	
Bronze III 10871	X보다 작은 수	
Bronze III 10950	A+B - 3 ESSENTIAL STANDARD	
Bronze III 10951	A+B - 4 ESSENTIAL STANDARD	
Bronze III 10952	A+B - 5 ESSENTIAL STANDARD	
Bronze V 10998	A×B STANDARD	
Bronze V 11654	아스키 코드 ESSENTIAL STANDARD	
Bronze II 11720	숫자의 합 ESSENTIAL